x,y,z,Pixel Trigger Value,Point Type
39.474394,-5.999998,4.6000231632,7,1
39.610538,-6.000001,4.6000231632,3,2
39.542467,-5.999999,4.5334670406,4,3
