x,y,z,Pixel Trigger Value,Point Type
39.461291,-6,4.6000231632,7,1
39.59865,-5.999994,4.6000231632,5,2
39.529971,-5.999996,4.5182156376,4,3
