x,y,z,Pixel Trigger Value,Point Type
39.441097,-5.999999,4.6000231632,8,1
39.616415,-6.000002,4.6000231632,5,2
39.528755,-6.000002,4.4905630938,2,3
