x,y,z,Pixel Trigger Value,Point Type
84.337789,-7.99999,4.9600062786,8,1
84.374553,-7.999993,4.9600062786,1,2
84.356168,-7.999992,4.9485052206,1,3
