x,y,z,Pixel Trigger Value,Point Type
84.295517,-8,4.9600062786,6,1
84.699568,-7.999999,4.9600062786,4,2
84.497541,-8,4.9188524928,4,3
