x,y,z,Pixel Trigger Value,Point Type
10.778929,-1.641369,-2.3731183068,295369,1
10.78192,-1.641371,-2.3731183068,0,2
10.780424,-1.641386,-2.3736683574,0,3
