x,y,z,Pixel Trigger Value,Point Type
84.30719,-7.999991,5.0000099586,8,1
84.646668,-7.999996,5.0000099586,5,2
84.476927,-7.999995,4.950955446,1,3
