x,y,z,Pixel Trigger Value,Point Type
84.202216,-8.000004,5.1000691632,21,1
84.740064,-8.000001,5.1000191586,4,2
84.47114,-8.000004,4.9752576816,2,3
