x,y,z,Pixel Trigger Value,Point Type
84.206975,-7.999991,5.1000191586,15,1
84.758502,-8,5.1000191586,5,2
84.482742,-7.999995,4.9678069962,1,3
