x,y,z,Pixel Trigger Value,Point Type
40.508626,-7.700002,4.2199882032,7,1
40.538266,-7.7,4.2199882032,5,2
40.523447,-7.700002,4.204386768,4,3
