x,y,z,Pixel Trigger Value,Point Type
84.294692,-7.999998,5.0000099586,7,1
84.306935,-7.999997,5.0000099586,5,2
84.300813,-7.999998,4.991459172,4,3
