x,y,z,Pixel Trigger Value,Point Type
40.274369,-8.000001,4.5400176432,6,1
40.281709,-7.999991,4.5400176432,4,2
40.278039,-7.999991,4.5378174408,4,3
