x,y,z,Pixel Trigger Value,Point Type
84.295941,-7.999999,5.0000099586,7,1
84.30314,-8,5.0000099586,5,2
84.29954,-7.999995,4.997709747,4,3
