x,y,z,Pixel Trigger Value,Point Type
84.451643,-7.999988,4.9600062786,7,1
84.484027,-7.999998,4.9600062786,3,2
84.467833,-7.999991,4.9440548112,0,3
