x,y,z,Pixel Trigger Value,Point Type
40.505725,-7.700002,4.2199882032,8,1
40.537902,-7.699998,4.2199882032,2,2
40.521816,-7.699997,4.2062869428,5,3
