x,y,z,Pixel Trigger Value,Point Type
40.282005,-7.999999,4.5400176432,6,1
40.291608,-8.000001,4.5400176432,5,2
40.286806,-8.000004,4.5329669946,5,3
