x,y,z,Pixel Trigger Value,Point Type
40.530002,-7.699997,4.2099872832,33,1
41.176394,-7.700017,4.2098372694,0,2
40.853196,-7.700009,4.2096872556,0,3
