x,y,z,Pixel Trigger Value,Point Type
84.36439,-7.999994,4.9600062786,11,1
84.401185,-7.999996,4.9600062786,1,2
84.382786,-7.999991,4.944204825,1,3
