x,y,z,Pixel Trigger Value,Point Type
84.203178,-7.999996,5.1000691632,17,1
84.735734,-8.000002,5.1000191586,4,2
84.469457,-7.999996,4.9969096734,5,3
