x,y,z,Pixel Trigger Value,Point Type
84.202473,-7.999998,5.1000691632,18,1
84.762931,-7.999997,5.1000191586,4,2
84.482702,-7.999999,4.9718073642,3,3
