x,y,z,Pixel Trigger Value,Point Type
84.290575,-8,5.0000099586,6,1
84.298236,-7.999996,5.0000099586,5,2
84.294407,-7.999995,4.9942594296,1,3
