x,y,z,Pixel Trigger Value,Point Type
84.306643,-7.999999,5.0000099586,6,1
84.633756,-7.999995,5.0000099586,1,2
84.4702,-7.999995,4.9470550872,5,3
