x,y,z,Pixel Trigger Value,Point Type
40.506881,-7.700002,4.2099872832,6,1
40.507866,-7.7,4.2099872832,5,2
40.507373,-7.699999,4.208387136,3,3
