x,y,z,Pixel Trigger Value,Point Type
84.202571,-7.999999,5.1000691632,17,1
84.737565,-8.000001,5.1000191586,1,2
84.470067,-7.999995,4.9820583072,5,3
