x,y,z,Pixel Trigger Value,Point Type
40.505854,-7.700001,4.2099872832,6,1
40.535124,-7.699999,4.2099872832,5,2
40.520488,-7.699999,4.1989362666,5,3
