x,y,z,Pixel Trigger Value,Point Type
84.349189,-7.999997,4.9600062786,10,1
84.385874,-7.999993,4.9600062786,1,2
84.367531,-7.999998,4.9384042914,3,3
