x,y,z,Pixel Trigger Value,Point Type
40.539,-7.699997,4.3599510786,11,1
41.266722,-7.699988,4.3498001448,0,2
40.902862,-7.699991,4.3548506094,0,3
