x,y,z,Pixel Trigger Value,Point Type
39.400546,-5.999998,4.6000231632,921585,1
39.403933,-5.999998,4.6000231632,0,2
39.402241,-5.999998,4.588422096,0,3
