x,y,z,Pixel Trigger Value,Point Type
84.333183,-7.999995,4.9600062786,6,1
84.363574,-7.999994,4.9600062786,1,2
84.348379,-8.000002,4.937454204,5,3
