x,y,z,Pixel Trigger Value,Point Type
84.295771,-7.999995,5.0000099586,6,1
84.30401,-7.999998,5.0000099586,5,2
84.299889,-8.000001,4.9967596596,2,3
