x,y,z,Pixel Trigger Value,Point Type
84.306686,-7.999992,5.0000099586,6,1
84.646657,-7.999988,5.0000099586,1,2
84.476673,-7.999987,4.9511554644,4,3
