x,y,z,Pixel Trigger Value,Point Type
39.400333,-5.999997,4.6000231632,4169,1
39.407024,-6.000005,4.6000231632,0,2
39.403678,-6,4.5995731218,0,3
