x,y,z,Pixel Trigger Value,Point Type
84.293149,-7.999999,5.0000099586,6,1
84.604857,-8.000002,5.0000099586,2,2
84.449003,-8,4.9648067202,4,3
