x,y,z,Pixel Trigger Value,Point Type
40.507378,-7.699995,4.2099872832,7,1
40.508374,-7.699996,4.2099872832,4,2
40.507875,-7.699998,4.2094372326,5,3
