x,y,z,Pixel Trigger Value,Point Type
40.50299,-7.700001,4.2099872832,7,1
40.537918,-7.700001,4.2099872832,4,2
40.520456,-7.7,4.1988362574,4,3
