x,y,z,Pixel Trigger Value,Point Type
84.202533,-8.000001,5.1000691632,20,1
84.747797,-8.000001,5.1000191586,2,2
84.475164,-8.000004,4.97795793,5,3
