x,y,z,Pixel Trigger Value,Point Type
40.50358,-7.700001,4.2199882032,6,1
40.504319,-7.699994,4.2199882032,5,2
40.503948,-7.699997,4.2194381526,5,3
