x,y,z,Pixel Trigger Value,Point Type
40.505231,-7.699999,4.2199882032,7,1
40.538663,-7.7,4.2199882032,2,2
40.521947,-7.699999,4.2055368738,4,3
