x,y,z,Pixel Trigger Value,Point Type
84.202523,-7.99999,5.1000691632,19,1
84.745173,-8.000004,5.1000191586,4,2
84.473849,-7.999995,4.9946094618,5,3
