x,y,z,Pixel Trigger Value,Point Type
84.290875,-8.000002,5.0000599632,7,1
84.298155,-7.999998,5.0000099586,1,2
84.294515,-8,4.9970096826,5,3
