x,y,z,Pixel Trigger Value,Point Type
84.394047,-7.999995,4.9600062786,6,1
84.55748,-7.999997,4.9600062786,4,2
84.475764,-7.999997,4.9324037394,0,3
